{ 
    "episodes": 500,
    "tau": 4.0,
    "gamma": 0.90,
    "alpha": 0.00001,
    "eps": 0.00000000000001,
    "c_puct": 1
}